{
    "resources": [
        {
            "name": "fragment\\SessionTimeOutDialog.fragment.xml"
        },
        {
            "name": "i18n\\i18n.properties",
            "raw": "i18n\\i18n.properties"
        },
        {
            "name": "Component.js"
        },
        {
            "name": "mockdata\\purchaseOrders.json"
        },
        {
            "name": "mockdata\\products.json"
        },
        {
            "name": "mockdata\\LineItemsSet.json"
        },
        {
            "name": "mockdata\\Companies.json"
        },
        {
            "name": "mockdata\\columnsModel.json"
        },
        {
            "name": "mockdata\\columns.json"
        },
        {
            "name": "mockdata\\bColumns.json"
        },
        {
            "name": "model\\store.json"
        },
        {
            "name": "manifest.json"
        },
        {
            "name": "model\\models.js"
        },
        {
            "name": "libs\\ValueHelpDialogController.js"
        },
        {
            "name": "libs\\MessageDialog.js"
        },
        {
            "name": "libs\\MasterDialog.js"
        },
        {
            "name": "libs\\BaseController.js"
        },
        {
            "name": "controller\\Welcome.controller.js"
        },
        {
            "name": "controller\\ValueHelpDialogInputSuggestions.controller.js"
        },
        {
            "name": "controller\\Table.controller.js"
        },
        {
            "name": "controller\\Search.controller.js"
        },
        {
            "name": "controller\\purchaseOrderMaster.controller.js"
        },
        {
            "name": "controller\\purchaseOrderDetail.controller.js"
        },
        {
            "name": "controller\\NotAuthorized.controller.js"
        },
        {
            "name": "controller\\MyController.js"
        },
        {
            "name": "controller\\MultiInput.controller.js"
        },
        {
            "name": "controller\\Map.controller.js"
        },
        {
            "name": "controller\\Home.controller.js"
        },
        {
            "name": "controller\\Formatter.js"
        },
        {
            "name": "controller\\Form.controller.js"
        },
        {
            "name": "controller\\FlexibleColumnLayout.controller.js"
        },
        {
            "name": "controller\\CommunicateRight.controller.js"
        },
        {
            "name": "controller\\CommunicateLeft.controller.js"
        },
        {
            "name": "controller\\Communicate.controller.js"
        },
        {
            "name": "controller\\BillingPage_Master.controller.js"
        },
        {
            "name": "controller\\App.controller.js"
        },
        {
            "name": "mockdata\\valueHelpProducts.json"
        },
        {
            "name": "manifest-bundle.zip"
        },
        {
            "name": "Component-preload.js",
            "merged": true
        },
        {
            "name": "controller\\Formatter-dbg.js",
            "isDebug": true
        },
        {
            "name": "libs\\ValueHelpDialogController-dbg.js",
            "isDebug": true
        },
        {
            "name": "libs\\MessageDialog-dbg.js",
            "isDebug": true
        },
        {
            "name": "libs\\MasterDialog-dbg.js",
            "isDebug": true
        },
        {
            "name": "libs\\BaseController-dbg.js",
            "isDebug": true
        },
        {
            "name": "controller\\Welcome-dbg.controller.js",
            "isDebug": true
        },
        {
            "name": "controller\\ValueHelpDialogInputSuggestions-dbg.controller.js",
            "isDebug": true
        },
        {
            "name": "controller\\Table-dbg.controller.js",
            "isDebug": true
        },
        {
            "name": "controller\\Search-dbg.controller.js",
            "isDebug": true
        },
        {
            "name": "controller\\purchaseOrderMaster-dbg.controller.js",
            "isDebug": true
        },
        {
            "name": "controller\\purchaseOrderDetail-dbg.controller.js",
            "isDebug": true
        },
        {
            "name": "controller\\NotAuthorized-dbg.controller.js",
            "isDebug": true
        },
        {
            "name": "controller\\MyController-dbg.js",
            "isDebug": true
        },
        {
            "name": "controller\\MultiInput-dbg.controller.js",
            "isDebug": true
        },
        {
            "name": "controller\\Map-dbg.controller.js",
            "isDebug": true
        },
        {
            "name": "controller\\Home-dbg.controller.js",
            "isDebug": true
        },
        {
            "name": "model\\models-dbg.js",
            "isDebug": true
        },
        {
            "name": "controller\\Form-dbg.controller.js",
            "isDebug": true
        },
        {
            "name": "controller\\FlexibleColumnLayout-dbg.controller.js",
            "isDebug": true
        },
        {
            "name": "controller\\CommunicateRight-dbg.controller.js",
            "isDebug": true
        },
        {
            "name": "controller\\CommunicateLeft-dbg.controller.js",
            "isDebug": true
        },
        {
            "name": "controller\\Communicate-dbg.controller.js",
            "isDebug": true
        },
        {
            "name": "controller\\BillingPage_Master-dbg.controller.js",
            "isDebug": true
        },
        {
            "name": "controller\\App-dbg.controller.js",
            "isDebug": true
        },
        {
            "name": "Component-dbg.js",
            "isDebug": true
        },
        {
            "name": "..\\..\\..\\..\\..\\sap-ui-version.json"
        },
        {
            "name": "sass\\Blocks\\_UserMenu.scss"
        },
        {
            "name": "sass\\Blocks\\_ShellBar.scss"
        },
        {
            "name": "sass\\Pages\\_Map.scss"
        },
        {
            "name": "sass\\Pages\\_Login.scss"
        },
        {
            "name": "sass\\Pages\\_BillingMaster.scss"
        },
        {
            "name": "view\\Welcome.view.xml"
        },
        {
            "name": "view\\ValueHelpDialogInputSuggestions.view.xml"
        },
        {
            "name": "view\\Table.view.xml"
        },
        {
            "name": "view\\Search.view.xml"
        },
        {
            "name": "view\\purchaseOrderMaster.view.xml"
        },
        {
            "name": "view\\purchaseOrderDetail.view.xml"
        },
        {
            "name": "view\\NotAuthorized.view.xml"
        },
        {
            "name": "view\\MultiInput.view.xml"
        },
        {
            "name": "view\\Map.view.xml"
        },
        {
            "name": "view\\Home.view.xml"
        },
        {
            "name": "view\\Form.view.xml"
        },
        {
            "name": "view\\FlexibleColumnLayout.view.xml"
        },
        {
            "name": "view\\CommunicateRight.view.xml"
        },
        {
            "name": "view\\CommunicateLeft.view.xml"
        },
        {
            "name": "view\\Communicate.view.xml"
        },
        {
            "name": "view\\BillingPage_Master.view.xml"
        },
        {
            "name": "view\\App.view.xml"
        },
        {
            "name": "sass\\style.scss"
        },
        {
            "name": "print\\print.html"
        },
        {
            "name": "print\\invoice.png"
        },
        {
            "name": "mockdata\\metadata.xml"
        },
        {
            "name": "fragment\\VariantManagement.fragment.xml"
        },
        {
            "name": "fragment\\ValueHelpDialogInputSuggestions.fragment.xml"
        },
        {
            "name": "fragment\\UserMenu.fragment.xml"
        },
        {
            "name": "fragment\\TableSetting.fragment.xml"
        },
        {
            "name": "fragment\\ShellBar.fragment.xml"
        },
        {
            "name": "i18n\\i18n_en_US.properties",
            "raw": "i18n\\i18n.properties",
            "locale": "_en_US"
        },
        {
            "name": "fragment\\SearchDynamic.fragment.xml"
        },
        {
            "name": "fragment\\NotAuthorized.fragment.xml"
        },
        {
            "name": "fragment\\Display.fragment.xml"
        },
        {
            "name": "fragment\\Change.fragment.xml"
        },
        {
            "name": "fragment\\BoschHeader.fragment.xml"
        },
        {
            "name": "assets\\zh.png"
        },
        {
            "name": "assets\\sapCompanyLogo.svg"
        },
        {
            "name": "assets\\login-bac.png"
        },
        {
            "name": "assets\\language_template.xlsx"
        },
        {
            "name": "assets\\invoice.png"
        },
        {
            "name": "assets\\en.png"
        },
        {
            "name": "assets\\de.png"
        },
        {
            "name": "assets\\bosch_logo2.svg"
        },
        {
            "name": "assets\\bosch_header_tab.png"
        },
        {
            "name": "css\\style.css"
        },
        {
            "name": "index.html"
        }
    ]
}