{
  "view/NotAuthorized.view.xml": 1639023923660,
  "i18n/i18n.properties": 1639023923589,
  "Component.js": 1639023923505,
  "mockdata/purchaseOrders.json": 1639023923614,
  "mockdata/products.json": 1639023923614,
  "mockdata/LineItemsSet.json": 1639023923607,
  "mockdata/Companies.json": 1639023923606,
  "mockdata/columnsModel.json": 1639023923611,
  "mockdata/columns.json": 1639023923610,
  "mockdata/bColumns.json": 1639023923609,
  "model/store.json": 1639023923618,
  "manifest.json": 1639036197081,
  "model/models.js": 1639023824662,
  "libs/ValueHelpDialogController.js": 1639023923601,
  "libs/MessageDialog.js": 1639023923599,
  "libs/MasterDialog.js": 1639023923597,
  "libs/BaseController.js": 1639023923596,
  "controller/Welcome.controller.js": 1639023923564,
  "controller/ValueHelpDialogInputSuggestions.controller.js": 1639023923563,
  "controller/Table.controller.js": 1639023923561,
  "controller/Search.controller.js": 1639023923559,
  "controller/purchaseOrderMaster.controller.js": 1639023923567,
  "controller/purchaseOrderDetail.controller.js": 1639023923566,
  "controller/NotAuthorized.controller.js": 1639023923558,
  "controller/MyController.js": 1639023923555,
  "controller/MultiInput.controller.js": 1639023923554,
  "controller/Map.controller.js": 1639023923553,
  "controller/Home.controller.js": 1639023923551,
  "controller/Formatter.js": 1639023923550,
  "controller/Form.controller.js": 1639023923547,
  "controller/FlexibleColumnLayout.controller.js": 1639023923546,
  "controller/CommunicateRight.controller.js": 1639023923545,
  "controller/CommunicateLeft.controller.js": 1639023923543,
  "controller/Communicate.controller.js": 1639023923541,
  "controller/BillingPage_Master.controller.js": 1639023923539,
  "controller/App.controller.js": 1639023923536,
  "mockdata/valueHelpProducts.json": 1639023923617,
  "manifest-bundle.zip": 1639036195552,
  "Component-preload.js": 1639036196731,
  "controller/Formatter-dbg.js": 1639023923550,
  "libs/ValueHelpDialogController-dbg.js": 1639023923601,
  "libs/MessageDialog-dbg.js": 1639023923599,
  "libs/MasterDialog-dbg.js": 1639023923597,
  "libs/BaseController-dbg.js": 1639023923596,
  "controller/Welcome-dbg.controller.js": 1639023923564,
  "controller/ValueHelpDialogInputSuggestions-dbg.controller.js": 1639023923563,
  "controller/Table-dbg.controller.js": 1639023923561,
  "controller/Search-dbg.controller.js": 1639023923559,
  "controller/purchaseOrderMaster-dbg.controller.js": 1639023923567,
  "controller/purchaseOrderDetail-dbg.controller.js": 1639023923566,
  "controller/NotAuthorized-dbg.controller.js": 1639023923558,
  "controller/MyController-dbg.js": 1639023923555,
  "controller/MultiInput-dbg.controller.js": 1639023923554,
  "controller/Map-dbg.controller.js": 1639023923553,
  "controller/Home-dbg.controller.js": 1639023923551,
  "model/models-dbg.js": 1639023824662,
  "controller/Form-dbg.controller.js": 1639023923547,
  "controller/FlexibleColumnLayout-dbg.controller.js": 1639023923546,
  "controller/CommunicateRight-dbg.controller.js": 1639023923545,
  "controller/CommunicateLeft-dbg.controller.js": 1639023923543,
  "controller/Communicate-dbg.controller.js": 1639023923541,
  "controller/BillingPage_Master-dbg.controller.js": 1639023923539,
  "controller/App-dbg.controller.js": 1639023923536,
  "Component-dbg.js": 1639023923505,
  "resources.json": 1639036197106,
  "sass/Pages/_Map.scss": 1639023923635,
  "sass/Pages/_Login.scss": 1639023923634,
  "sass/Pages/_BillingMaster.scss": 1639023923633,
  "sass/Blocks/_UserMenu.scss": 1639023923630,
  "sass/Blocks/_ShellBar.scss": 1639023923629,
  "view/Welcome.view.xml": 1639023923664,
  "view/ValueHelpDialogInputSuggestions.view.xml": 1639023923663,
  "view/Table.view.xml": 1639023923662,
  "view/Search.view.xml": 1639023923661,
  "view/purchaseOrderMaster.view.xml": 1639023923666,
  "view/purchaseOrderDetail.view.xml": 1639023923665,
  "i18n/i18n_en_US.properties": 1639023923590,
  "view/MultiInput.view.xml": 1639023923659,
  "view/Map.view.xml": 1639023923658,
  "view/Home.view.xml": 1639023923657,
  "view/Form.view.xml": 1639023923656,
  "view/FlexibleColumnLayout.view.xml": 1639023923656,
  "view/CommunicateRight.view.xml": 1639023923655,
  "view/CommunicateLeft.view.xml": 1639023923654,
  "view/Communicate.view.xml": 1639023923653,
  "view/BillingPage_Master.view.xml": 1639023923652,
  "view/App.view.xml": 1639023923651,
  "sass/style.scss": 1639023923636,
  "print/print.html": 1639023923623,
  "print/invoice.png": 1639023923621,
  "mockdata/metadata.xml": 1639023923612,
  "css/style.css": 1639023923569,
  "fragment/VariantManagement.fragment.xml": 1639023923587,
  "fragment/ValueHelpDialogInputSuggestions.fragment.xml": 1639023923586,
  "fragment/UserMenu.fragment.xml": 1639023923584,
  "fragment/TableSetting.fragment.xml": 1639023923583,
  "fragment/ShellBar.fragment.xml": 1639023923581,
  "fragment/SessionTimeOutDialog.fragment.xml": 1639023923580,
  "fragment/SearchDynamic.fragment.xml": 1639023923579,
  "fragment/NotAuthorized.fragment.xml": 1639023923577,
  "fragment/Display.fragment.xml": 1639023923576,
  "fragment/Change.fragment.xml": 1639023923575,
  "fragment/BoschHeader.fragment.xml": 1639023923571,
  "assets/zh.png": 1639023923534,
  "assets/sapCompanyLogo.svg": 1639023923532,
  "assets/login-bac.png": 1639023923529,
  "assets/language_template.xlsx": 1639023923524,
  "assets/invoice.png": 1639023923522,
  "assets/en.png": 1639023923517,
  "assets/de.png": 1639023923515,
  "assets/bosch_logo2.svg": 1639023923513,
  "assets/bosch_header_tab.png": 1639023923510,
  "index.html": 1639023923591
}