<core:FragmentDefinition xmlns="sap.m"
    xmlns:core="sap.ui.core">
    <Dialog contentWidth = "60%"
        contentHeight ="30%" title="ManageViews">
        <Table id="Table_variantMngt" inset="false" items="{
			path: 'store>/billingPage_variant'
		}">
            <ColumnListItem>
                <cells>
                    <Text text="id" />
                    <ToggleButton type="Transparent" icon="sap-icon://unfavorite" pressed="{store>favourite}"/>
                    <Input id="" placeholder="" value="{store>name}"/>
                    <Text text="{store>createdBy}" />
                    <RadioButton text="Default" selected="{store>default}" groupName="defaultGroup"/>
                    <Button icon="sap-icon://delete" text="Delete" press="onDelete_variantMngt"></Button>
                </cells>
            </ColumnListItem>
            <columns>
                <Column visible="false" width="12em">
                    <Text text="id" />
                </Column>
                <Column width="12em">
                    <Text text="Favourite" />
                </Column>
                <Column width="12em">
                    <Text text="View" />
                </Column>
                <Column minScreenWidth="Tablet" demandPopin="true">
                    <Text text="CreateBy" />
                </Column>
                <Column minScreenWidth="Desktop" demandPopin="true">
                    <Text text="Default" />
                </Column>
                <Column minScreenWidth="Desktop" demandPopin="true" hAlign="End">
                    <Text text="Action" />
                </Column>
            </columns>
        </Table>
        <beginButton>
            <Button text="Confirm " type="Emphasized" press="onSave_variantMngt" />
        </beginButton>
        <endButton>
            <Button text="Cancel " press="onCancel_variantMngt" />
        </endButton>
    </Dialog>
</core:FragmentDefinition>
