[
    {
      "versionIdentifier": null,
      "PurchaseOrder": "47000000",
      "CompanyCode": "1709",
      "PurchaseOrderType": "NB",
      "PurchasingDocumentDeletionCode": "",
      "PurchasingProcessingStatus": "02",
      "CreatedByUser": "HTD8FE",
      "CreationDate": "2018-11-30T00:00:00.000+00:00",
      "LastChangeDateTime": "2018-11-30T10:23:53.379+00:00",
      "Supplier": "5000",
      "PurchaseOrderSubtype": "",
      "Language": "DE",
      "PaymentTerms": "",
      "CashDiscount1Days": 0,
      "CashDiscount2Days": 0,
      "NetPaymentDays": 0,
      "CashDiscount1Percent": 0,
      "CashDiscount2Percent": 0,
      "PurchasingOrganization": "1709",
      "PurchasingDocumentOrigin": "9",
      "PurchasingGroup": "101",
      "PurchaseOrderDate": "2018-11-30T00:00:00.000+00:00",
      "DocumentCurrency": "EUR",
      "ExchangeRate": "1.00000",
      "ExchangeRateIsFixed": false,
      "ValidityStartDate": null,
      "ValidityEndDate": null,
      "SupplierQuotationExternalID": "",
      "SupplierRespSalesPersonName": "",
      "SupplierPhoneNumber": "",
      "SupplyingSupplier": "",
      "SupplyingPlant": "",
      "IncotermsClassification": "EXW",
      "CorrespncExternalReference": "",
      "CorrespncInternalReference": "",
      "InvoicingParty": "",
      "ReleaseIsNotCompleted": false,
      "PurchasingCompletenessStatus": false,
      "IncotermsVersion": "",
      "IncotermsLocation1": "stuttgart",
      "IncotermsLocation2": "",
      "ManualSupplierAddressID": "",
      "IsEndOfPurposeBlocked": "",
      "AddressCityName": "Stuttgart",
      "AddressFaxNumber": "",
      "AddressHouseNumber": "",
      "AddressName": "eCell GmbH",
      "AddressPostalCode": "70496",
      "AddressStreetName": "Batteriestraße 12",
      "AddressPhoneNumber": "",
      "AddressRegion": "08",
      "AddressCountry": "DE",
      "AddressCorrespondenceLanguage": "DE",
      "to_PurchaseOrderItem": null,
      "to_PurchaseOrderNote": null
    },
    {
      "versionIdentifier": null,
      "PurchaseOrder": "47000001",
      "CompanyCode": "1709",
      "PurchaseOrderType": "NB",
      "PurchasingDocumentDeletionCode": "",
      "PurchasingProcessingStatus": "02",
      "CreatedByUser": "YAL1SZH",
      "CreationDate": "2018-12-04T00:00:00.000+00:00",
      "LastChangeDateTime": "2018-12-04T10:12:48.674+00:00",
      "Supplier": "5020",
      "PurchaseOrderSubtype": "",
      "Language": "EN",
      "PaymentTerms": "0001",
      "CashDiscount1Days": 0,
      "CashDiscount2Days": 0,
      "NetPaymentDays": 0,
      "CashDiscount1Percent": 0,
      "CashDiscount2Percent": 0,
      "PurchasingOrganization": "1709",
      "PurchasingDocumentOrigin": "9",
      "PurchasingGroup": "100",
      "PurchaseOrderDate": "2018-12-04T00:00:00.000+00:00",
      "DocumentCurrency": "EUR",
      "ExchangeRate": "1.00000",
      "ExchangeRateIsFixed": false,
      "ValidityStartDate": null,
      "ValidityEndDate": null,
      "SupplierQuotationExternalID": "",
      "SupplierRespSalesPersonName": "",
      "SupplierPhoneNumber": "",
      "SupplyingSupplier": "",
      "SupplyingPlant": "",
      "IncotermsClassification": "",
      "CorrespncExternalReference": "",
      "CorrespncInternalReference": "",
      "InvoicingParty": "5020",
      "ReleaseIsNotCompleted": false,
      "PurchasingCompletenessStatus": false,
      "IncotermsVersion": "",
      "IncotermsLocation1": "",
      "IncotermsLocation2": "",
      "ManualSupplierAddressID": "",
      "IsEndOfPurposeBlocked": "",
      "AddressCityName": "Stuttgart",
      "AddressFaxNumber": "",
      "AddressHouseNumber": "",
      "AddressName": "H&Q Quality Consultants",
      "AddressPostalCode": "70619",
      "AddressStreetName": "Bernsteinstrasse 108",
      "AddressPhoneNumber": "",
      "AddressRegion": "",
      "AddressCountry": "DE",
      "AddressCorrespondenceLanguage": "EN",
      "to_PurchaseOrderItem": null,
      "to_PurchaseOrderNote": null
    },
    {
      "versionIdentifier": null,
      "PurchaseOrder": "47000002",
      "CompanyCode": "1709",
      "PurchaseOrderType": "NB",
      "PurchasingDocumentDeletionCode": "",
      "PurchasingProcessingStatus": "02",
      "CreatedByUser": "HSA1SGH",
      "CreationDate": "2018-12-05T00:00:00.000+00:00",
      "LastChangeDateTime": "2018-12-05T06:58:41.670+00:00",
      "Supplier": "5010",
      "PurchaseOrderSubtype": "",
      "Language": "EN",
      "PaymentTerms": "0001",
      "CashDiscount1Days": 0,
      "CashDiscount2Days": 0,
      "NetPaymentDays": 0,
      "CashDiscount1Percent": 0,
      "CashDiscount2Percent": 0,
      "PurchasingOrganization": "1709",
      "PurchasingDocumentOrigin": "9",
      "PurchasingGroup": "100",
      "PurchaseOrderDate": "2018-12-05T00:00:00.000+00:00",
      "DocumentCurrency": "EUR",
      "ExchangeRate": "1.00000",
      "ExchangeRateIsFixed": false,
      "ValidityStartDate": null,
      "ValidityEndDate": null,
      "SupplierQuotationExternalID": "",
      "SupplierRespSalesPersonName": "",
      "SupplierPhoneNumber": "",
      "SupplyingSupplier": "",
      "SupplyingPlant": "",
      "IncotermsClassification": "",
      "CorrespncExternalReference": "",
      "CorrespncInternalReference": "",
      "InvoicingParty": "",
      "ReleaseIsNotCompleted": false,
      "PurchasingCompletenessStatus": false,
      "IncotermsVersion": "",
      "IncotermsLocation1": "",
      "IncotermsLocation2": "",
      "ManualSupplierAddressID": "",
      "IsEndOfPurposeBlocked": "",
      "AddressCityName": "Simmerath",
      "AddressFaxNumber": "",
      "AddressHouseNumber": "",
      "AddressName": "Hot Wheels Karts",
      "AddressPostalCode": "52152",
      "AddressStreetName": "Trafoweg 2",
      "AddressPhoneNumber": "",
      "AddressRegion": "",
      "AddressCountry": "DE",
      "AddressCorrespondenceLanguage": "DE",
      "to_PurchaseOrderItem": null,
      "to_PurchaseOrderNote": null
    },
    {
      "versionIdentifier": null,
      "PurchaseOrder": "47000003",
      "CompanyCode": "1709",
      "PurchaseOrderType": "NB",
      "PurchasingDocumentDeletionCode": "",
      "PurchasingProcessingStatus": "02",
      "CreatedByUser": "HSA1SGH",
      "CreationDate": "2018-12-10T00:00:00.000+00:00",
      "LastChangeDateTime": "2018-12-10T07:36:25.080+00:00",
      "Supplier": "5010",
      "PurchaseOrderSubtype": "",
      "Language": "EN",
      "PaymentTerms": "0001",
      "CashDiscount1Days": 0,
      "CashDiscount2Days": 0,
      "NetPaymentDays": 0,
      "CashDiscount1Percent": 0,
      "CashDiscount2Percent": 0,
      "PurchasingOrganization": "1709",
      "PurchasingDocumentOrigin": "9",
      "PurchasingGroup": "100",
      "PurchaseOrderDate": "2018-12-10T00:00:00.000+00:00",
      "DocumentCurrency": "EUR",
      "ExchangeRate": "1.00000",
      "ExchangeRateIsFixed": false,
      "ValidityStartDate": null,
      "ValidityEndDate": null,
      "SupplierQuotationExternalID": "",
      "SupplierRespSalesPersonName": "",
      "SupplierPhoneNumber": "",
      "SupplyingSupplier": "",
      "SupplyingPlant": "",
      "IncotermsClassification": "",
      "CorrespncExternalReference": "",
      "CorrespncInternalReference": "",
      "InvoicingParty": "",
      "ReleaseIsNotCompleted": false,
      "PurchasingCompletenessStatus": false,
      "IncotermsVersion": "",
      "IncotermsLocation1": "",
      "IncotermsLocation2": "",
      "ManualSupplierAddressID": "",
      "IsEndOfPurposeBlocked": "",
      "AddressCityName": "Simmerath",
      "AddressFaxNumber": "",
      "AddressHouseNumber": "",
      "AddressName": "Hot Wheels Karts",
      "AddressPostalCode": "52152",
      "AddressStreetName": "Trafoweg 2",
      "AddressPhoneNumber": "",
      "AddressRegion": "",
      "AddressCountry": "DE",
      "AddressCorrespondenceLanguage": "DE",
      "to_PurchaseOrderItem": null,
      "to_PurchaseOrderNote": null
    },
    {
      "versionIdentifier": null,
      "PurchaseOrder": "47000004",
      "CompanyCode": "1709",
      "PurchaseOrderType": "NB",
      "PurchasingDocumentDeletionCode": "",
      "PurchasingProcessingStatus": "02",
      "CreatedByUser": "HSA1SGH",
      "CreationDate": "2018-12-10T00:00:00.000+00:00",
      "LastChangeDateTime": "2018-12-10T08:46:16.479+00:00",
      "Supplier": "5010",
      "PurchaseOrderSubtype": "",
      "Language": "EN",
      "PaymentTerms": "0001",
      "CashDiscount1Days": 0,
      "CashDiscount2Days": 0,
      "NetPaymentDays": 0,
      "CashDiscount1Percent": 0,
      "CashDiscount2Percent": 0,
      "PurchasingOrganization": "1709",
      "PurchasingDocumentOrigin": "9",
      "PurchasingGroup": "100",
      "PurchaseOrderDate": "2018-12-10T00:00:00.000+00:00",
      "DocumentCurrency": "EUR",
      "ExchangeRate": "1.00000",
      "ExchangeRateIsFixed": false,
      "ValidityStartDate": null,
      "ValidityEndDate": null,
      "SupplierQuotationExternalID": "",
      "SupplierRespSalesPersonName": "",
      "SupplierPhoneNumber": "",
      "SupplyingSupplier": "",
      "SupplyingPlant": "",
      "IncotermsClassification": "",
      "CorrespncExternalReference": "",
      "CorrespncInternalReference": "",
      "InvoicingParty": "",
      "ReleaseIsNotCompleted": false,
      "PurchasingCompletenessStatus": false,
      "IncotermsVersion": "",
      "IncotermsLocation1": "",
      "IncotermsLocation2": "",
      "ManualSupplierAddressID": "",
      "IsEndOfPurposeBlocked": "",
      "AddressCityName": "Simmerath",
      "AddressFaxNumber": "",
      "AddressHouseNumber": "",
      "AddressName": "Hot Wheels Karts",
      "AddressPostalCode": "52152",
      "AddressStreetName": "Trafoweg 2",
      "AddressPhoneNumber": "",
      "AddressRegion": "",
      "AddressCountry": "DE",
      "AddressCorrespondenceLanguage": "DE",
      "to_PurchaseOrderItem": null,
      "to_PurchaseOrderNote": null
    },
    {
      "versionIdentifier": null,
      "PurchaseOrder": "47000005",
      "CompanyCode": "1709",
      "PurchaseOrderType": "NB",
      "PurchasingDocumentDeletionCode": "",
      "PurchasingProcessingStatus": "02",
      "CreatedByUser": "MCM5FE",
      "CreationDate": "2019-01-09T00:00:00.000+00:00",
      "LastChangeDateTime": "2019-01-09T14:15:19.096+00:00",
      "Supplier": "5000",
      "PurchaseOrderSubtype": "",
      "Language": "DE",
      "PaymentTerms": "",
      "CashDiscount1Days": 0,
      "CashDiscount2Days": 0,
      "NetPaymentDays": 0,
      "CashDiscount1Percent": 0,
      "CashDiscount2Percent": 0,
      "PurchasingOrganization": "1709",
      "PurchasingDocumentOrigin": "9",
      "PurchasingGroup": "001",
      "PurchaseOrderDate": "2019-01-09T00:00:00.000+00:00",
      "DocumentCurrency": "EUR",
      "ExchangeRate": "1.00000",
      "ExchangeRateIsFixed": false,
      "ValidityStartDate": null,
      "ValidityEndDate": null,
      "SupplierQuotationExternalID": "",
      "SupplierRespSalesPersonName": "",
      "SupplierPhoneNumber": "",
      "SupplyingSupplier": "",
      "SupplyingPlant": "",
      "IncotermsClassification": "EXW",
      "CorrespncExternalReference": "",
      "CorrespncInternalReference": "",
      "InvoicingParty": "5000",
      "ReleaseIsNotCompleted": false,
      "PurchasingCompletenessStatus": false,
      "IncotermsVersion": "",
      "IncotermsLocation1": "stuttgart",
      "IncotermsLocation2": "",
      "ManualSupplierAddressID": "",
      "IsEndOfPurposeBlocked": "",
      "AddressCityName": "Stuttgart",
      "AddressFaxNumber": "",
      "AddressHouseNumber": "",
      "AddressName": "eCell GmbH",
      "AddressPostalCode": "70496",
      "AddressStreetName": "Batteriestraße 12",
      "AddressPhoneNumber": "",
      "AddressRegion": "08",
      "AddressCountry": "DE",
      "AddressCorrespondenceLanguage": "DE",
      "to_PurchaseOrderItem": null,
      "to_PurchaseOrderNote": null
    },
    {
      "versionIdentifier": null,
      "PurchaseOrder": "47000006",
      "CompanyCode": "1709",
      "PurchaseOrderType": "NB",
      "PurchasingDocumentDeletionCode": "",
      "PurchasingProcessingStatus": "02",
      "CreatedByUser": "MCM5FE",
      "CreationDate": "2019-01-09T00:00:00.000+00:00",
      "LastChangeDateTime": "2019-03-07T07:10:31.681+00:00",
      "Supplier": "5000",
      "PurchaseOrderSubtype": "",
      "Language": "DE",
      "PaymentTerms": "",
      "CashDiscount1Days": 0,
      "CashDiscount2Days": 0,
      "NetPaymentDays": 0,
      "CashDiscount1Percent": 0,
      "CashDiscount2Percent": 0,
      "PurchasingOrganization": "1709",
      "PurchasingDocumentOrigin": "9",
      "PurchasingGroup": "001",
      "PurchaseOrderDate": "2019-01-09T00:00:00.000+00:00",
      "DocumentCurrency": "EUR",
      "ExchangeRate": "1.00000",
      "ExchangeRateIsFixed": false,
      "ValidityStartDate": null,
      "ValidityEndDate": null,
      "SupplierQuotationExternalID": "",
      "SupplierRespSalesPersonName": "",
      "SupplierPhoneNumber": "",
      "SupplyingSupplier": "",
      "SupplyingPlant": "",
      "IncotermsClassification": "EXW",
      "CorrespncExternalReference": "",
      "CorrespncInternalReference": "",
      "InvoicingParty": "5000",
      "ReleaseIsNotCompleted": false,
      "PurchasingCompletenessStatus": false,
      "IncotermsVersion": "",
      "IncotermsLocation1": "stuttgart",
      "IncotermsLocation2": "",
      "ManualSupplierAddressID": "",
      "IsEndOfPurposeBlocked": "",
      "AddressCityName": "Stuttgart",
      "AddressFaxNumber": "",
      "AddressHouseNumber": "",
      "AddressName": "eCell GmbH",
      "AddressPostalCode": "70496",
      "AddressStreetName": "Batteriestraße 12",
      "AddressPhoneNumber": "",
      "AddressRegion": "08",
      "AddressCountry": "DE",
      "AddressCorrespondenceLanguage": "DE",
      "to_PurchaseOrderItem": null,
      "to_PurchaseOrderNote": null
    },
    {
      "versionIdentifier": null,
      "PurchaseOrder": "47000007",
      "CompanyCode": "1709",
      "PurchaseOrderType": "NB",
      "PurchasingDocumentDeletionCode": "",
      "PurchasingProcessingStatus": "02",
      "CreatedByUser": "MCM5FE",
      "CreationDate": "2019-01-09T00:00:00.000+00:00",
      "LastChangeDateTime": "2019-01-09T15:02:10.375+00:00",
      "Supplier": "5000",
      "PurchaseOrderSubtype": "",
      "Language": "DE",
      "PaymentTerms": "",
      "CashDiscount1Days": 0,
      "CashDiscount2Days": 0,
      "NetPaymentDays": 0,
      "CashDiscount1Percent": 0,
      "CashDiscount2Percent": 0,
      "PurchasingOrganization": "1709",
      "PurchasingDocumentOrigin": "9",
      "PurchasingGroup": "001",
      "PurchaseOrderDate": "2019-01-09T00:00:00.000+00:00",
      "DocumentCurrency": "EUR",
      "ExchangeRate": "1.00000",
      "ExchangeRateIsFixed": false,
      "ValidityStartDate": null,
      "ValidityEndDate": null,
      "SupplierQuotationExternalID": "",
      "SupplierRespSalesPersonName": "",
      "SupplierPhoneNumber": "",
      "SupplyingSupplier": "",
      "SupplyingPlant": "",
      "IncotermsClassification": "EXW",
      "CorrespncExternalReference": "",
      "CorrespncInternalReference": "",
      "InvoicingParty": "",
      "ReleaseIsNotCompleted": false,
      "PurchasingCompletenessStatus": false,
      "IncotermsVersion": "",
      "IncotermsLocation1": "stuttgart",
      "IncotermsLocation2": "",
      "ManualSupplierAddressID": "",
      "IsEndOfPurposeBlocked": "",
      "AddressCityName": "Stuttgart",
      "AddressFaxNumber": "",
      "AddressHouseNumber": "",
      "AddressName": "eCell GmbH",
      "AddressPostalCode": "70496",
      "AddressStreetName": "Batteriestraße 12",
      "AddressPhoneNumber": "",
      "AddressRegion": "08",
      "AddressCountry": "DE",
      "AddressCorrespondenceLanguage": "DE",
      "to_PurchaseOrderItem": null,
      "to_PurchaseOrderNote": null
    },
    {
      "versionIdentifier": null,
      "PurchaseOrder": "47000008",
      "CompanyCode": "1709",
      "PurchaseOrderType": "NB",
      "PurchasingDocumentDeletionCode": "",
      "PurchasingProcessingStatus": "02",
      "CreatedByUser": "MCM5FE",
      "CreationDate": "2019-01-09T00:00:00.000+00:00",
      "LastChangeDateTime": "2019-01-09T15:07:43.323+00:00",
      "Supplier": "5000",
      "PurchaseOrderSubtype": "",
      "Language": "DE",
      "PaymentTerms": "",
      "CashDiscount1Days": 0,
      "CashDiscount2Days": 0,
      "NetPaymentDays": 0,
      "CashDiscount1Percent": 0,
      "CashDiscount2Percent": 0,
      "PurchasingOrganization": "1709",
      "PurchasingDocumentOrigin": "9",
      "PurchasingGroup": "001",
      "PurchaseOrderDate": "2019-01-09T00:00:00.000+00:00",
      "DocumentCurrency": "EUR",
      "ExchangeRate": "1.00000",
      "ExchangeRateIsFixed": false,
      "ValidityStartDate": null,
      "ValidityEndDate": null,
      "SupplierQuotationExternalID": "",
      "SupplierRespSalesPersonName": "",
      "SupplierPhoneNumber": "",
      "SupplyingSupplier": "",
      "SupplyingPlant": "",
      "IncotermsClassification": "EXW",
      "CorrespncExternalReference": "",
      "CorrespncInternalReference": "",
      "InvoicingParty": "",
      "ReleaseIsNotCompleted": false,
      "PurchasingCompletenessStatus": false,
      "IncotermsVersion": "",
      "IncotermsLocation1": "stuttgart",
      "IncotermsLocation2": "",
      "ManualSupplierAddressID": "",
      "IsEndOfPurposeBlocked": "",
      "AddressCityName": "Stuttgart",
      "AddressFaxNumber": "",
      "AddressHouseNumber": "",
      "AddressName": "eCell GmbH",
      "AddressPostalCode": "70496",
      "AddressStreetName": "Batteriestraße 12",
      "AddressPhoneNumber": "",
      "AddressRegion": "08",
      "AddressCountry": "DE",
      "AddressCorrespondenceLanguage": "DE",
      "to_PurchaseOrderItem": null,
      "to_PurchaseOrderNote": null
    },
    {
      "versionIdentifier": null,
      "PurchaseOrder": "47000009",
      "CompanyCode": "1709",
      "PurchaseOrderType": "NB",
      "PurchasingDocumentDeletionCode": "",
      "PurchasingProcessingStatus": "02",
      "CreatedByUser": "MCM5FE",
      "CreationDate": "2019-01-09T00:00:00.000+00:00",
      "LastChangeDateTime": "2019-03-26T14:01:12.873+00:00",
      "Supplier": "5000",
      "PurchaseOrderSubtype": "",
      "Language": "DE",
      "PaymentTerms": "",
      "CashDiscount1Days": 0,
      "CashDiscount2Days": 0,
      "NetPaymentDays": 0,
      "CashDiscount1Percent": 0,
      "CashDiscount2Percent": 0,
      "PurchasingOrganization": "1709",
      "PurchasingDocumentOrigin": "9",
      "PurchasingGroup": "001",
      "PurchaseOrderDate": "2019-01-09T00:00:00.000+00:00",
      "DocumentCurrency": "EUR",
      "ExchangeRate": "1.00000",
      "ExchangeRateIsFixed": false,
      "ValidityStartDate": null,
      "ValidityEndDate": null,
      "SupplierQuotationExternalID": "",
      "SupplierRespSalesPersonName": "",
      "SupplierPhoneNumber": "",
      "SupplyingSupplier": "",
      "SupplyingPlant": "",
      "IncotermsClassification": "EXW",
      "CorrespncExternalReference": "",
      "CorrespncInternalReference": "",
      "InvoicingParty": "",
      "ReleaseIsNotCompleted": false,
      "PurchasingCompletenessStatus": false,
      "IncotermsVersion": "",
      "IncotermsLocation1": "stuttgart",
      "IncotermsLocation2": "",
      "ManualSupplierAddressID": "",
      "IsEndOfPurposeBlocked": "",
      "AddressCityName": "Stuttgart",
      "AddressFaxNumber": "",
      "AddressHouseNumber": "",
      "AddressName": "eCell GmbH",
      "AddressPostalCode": "70496",
      "AddressStreetName": "Batteriestraße 12",
      "AddressPhoneNumber": "",
      "AddressRegion": "08",
      "AddressCountry": "DE",
      "AddressCorrespondenceLanguage": "DE",
      "to_PurchaseOrderItem": null,
      "to_PurchaseOrderNote": null
    }
  ]