{
  "welcomeFile": "/index.html",
  "authenticationMethod": "route",
  "logout": {
    "logoutEndpoint": "/do/logout"
  },
  "routes": [
    {
      "source": "^/backend/(.*)$",
      "target": "$1",
      "authenticationType": "xsuaa",
      "destination": "backend_service",
      "csrfProtection": false
    },
    {
      "source": "^(.*)$",
      "target": "$1",
      "service": "html5-apps-repo-rt",
      "authenticationType": "xsuaa",
      "cacheControl": "no-cache"
    }
  ]
}
