{
    "appTitle": "Side-by-Side Fiori",
    "hasLogin": true,
    "layout": "OneColumn",
    "category": [],
    "masterPageBusy": true,
    "detailPageBusy": true,
    "detailId": null,
    "purchaseOrders": [],
    "selectedPurchaseOrder": {},
    "user": {},
    "userName": null,
    "authorizations": [],
    "CommunicateTestData": "+",
    "homePageSideNavExpanded": true,
    "bColumns": [],
    "selectedVariantSetting": "Default",
    "billingPage_variant": [],
    "BillingPage_tableFreezeCount": 0,
    "currentPage": 1,
    "pageSize": 15,
    "tableListTotalCount": 1,
    "showSessionTimeOut": false,
    "sessionTimeOut": 5
}